{"CPU Usage": {"Avg_avg": 0.5374362797939873, "Percentil_max": 4.208333333333334, "Asignacion": 2.0}}